quarter,sector,outlook_tone,risk_level,key_explanation
2024Q2,Technology,Positive,Moderate,"Technology benefited from cloud, cybersecurity, AI infrastructure and selective ECM reopening."
2024Q2,Healthcare,Positive,Moderate,"Healthcare remained defensive with recurring demand, steady strategic buyer interest, and resilient capital markets access."
2024Q2,Industrials,Mixed,Moderate,"Industrials activity tracked reshoring, automation, aerospace supply chains, and infrastructure spending."
2024Q2,Consumer & Retail,Mixed,Elevated,Consumer & Retail activity was mixed as margin pressure and uneven discretionary demand affected buyer confidence.
2024Q2,Energy,Mixed,Moderate,"Energy activity was supported by infrastructure demand, transition assets, and capital discipline among larger issuers."
2024Q2,Financial Institutions,Mixed,Moderate,"Financial Institutions saw steady balance-sheet advisory and selective debt issuance, though regulatory scrutiny remained relevant."
2024Q3,Technology,Positive,Moderate,"Technology benefited from cloud, cybersecurity, AI infrastructure and selective ECM reopening."
2024Q3,Healthcare,Positive,Moderate,"Healthcare remained defensive with recurring demand, steady strategic buyer interest, and resilient capital markets access."
2024Q3,Industrials,Mixed,Moderate,"Industrials activity tracked reshoring, automation, aerospace supply chains, and infrastructure spending."
2024Q3,Consumer & Retail,Mixed,Elevated,Consumer & Retail activity was mixed as margin pressure and uneven discretionary demand affected buyer confidence.
2024Q3,Energy,Mixed,Moderate,"Energy activity was supported by infrastructure demand, transition assets, and capital discipline among larger issuers."
2024Q3,Financial Institutions,Mixed,Moderate,"Financial Institutions saw steady balance-sheet advisory and selective debt issuance, though regulatory scrutiny remained relevant."
2024Q4,Technology,Positive,Moderate,"Technology benefited from cloud, cybersecurity, AI infrastructure and selective ECM reopening."
2024Q4,Healthcare,Positive,Moderate,"Healthcare remained defensive with recurring demand, steady strategic buyer interest, and resilient capital markets access."
2024Q4,Industrials,Mixed,Moderate,"Industrials activity tracked reshoring, automation, aerospace supply chains, and infrastructure spending."
2024Q4,Consumer & Retail,Mixed,Elevated,Consumer & Retail activity was mixed as margin pressure and uneven discretionary demand affected buyer confidence.
2024Q4,Energy,Mixed,Moderate,"Energy activity was supported by infrastructure demand, transition assets, and capital discipline among larger issuers."
2024Q4,Financial Institutions,Mixed,Moderate,"Financial Institutions saw steady balance-sheet advisory and selective debt issuance, though regulatory scrutiny remained relevant."
2025Q1,Technology,Positive,Moderate,"Technology benefited from cloud, cybersecurity, AI infrastructure and selective ECM reopening."
2025Q1,Healthcare,Positive,Moderate,"Healthcare remained defensive with recurring demand, steady strategic buyer interest, and resilient capital markets access."
2025Q1,Industrials,Mixed,Moderate,"Industrials activity tracked reshoring, automation, aerospace supply chains, and infrastructure spending."
2025Q1,Consumer & Retail,Mixed,Elevated,Consumer & Retail activity was mixed as margin pressure and uneven discretionary demand affected buyer confidence.
2025Q1,Energy,Mixed,Moderate,"Energy activity was supported by infrastructure demand, transition assets, and capital discipline among larger issuers."
2025Q1,Financial Institutions,Mixed,Moderate,"Financial Institutions saw steady balance-sheet advisory and selective debt issuance, though regulatory scrutiny remained relevant."
2025Q2,Technology,Positive,Moderate,"Technology benefited from cloud, cybersecurity, AI infrastructure and selective ECM reopening."
2025Q2,Healthcare,Positive,Moderate,"Healthcare remained defensive with recurring demand, steady strategic buyer interest, and resilient capital markets access."
2025Q2,Industrials,Mixed,Moderate,"Industrials activity tracked reshoring, automation, aerospace supply chains, and infrastructure spending."
2025Q2,Consumer & Retail,Mixed,Elevated,Consumer & Retail activity was mixed as margin pressure and uneven discretionary demand affected buyer confidence.
2025Q2,Energy,Mixed,Moderate,"Energy activity was supported by infrastructure demand, transition assets, and capital discipline among larger issuers."
2025Q2,Financial Institutions,Mixed,Moderate,"Financial Institutions saw steady balance-sheet advisory and selective debt issuance, though regulatory scrutiny remained relevant."
2025Q3,Technology,Mixed,Elevated,"Technology remained active, but diligence cycles lengthened and valuation gaps widened for high-growth companies."
2025Q3,Healthcare,Positive,Moderate,"Healthcare remained defensive with recurring demand, steady strategic buyer interest, and resilient capital markets access."
2025Q3,Industrials,Mixed,Moderate,"Industrials activity tracked reshoring, automation, aerospace supply chains, and infrastructure spending."
2025Q3,Consumer & Retail,Mixed,Elevated,Consumer & Retail activity was mixed as margin pressure and uneven discretionary demand affected buyer confidence.
2025Q3,Energy,Positive,Moderate,"Energy activity was supported by infrastructure demand, transition assets, and capital discipline among larger issuers."
2025Q3,Financial Institutions,Mixed,Moderate,"Financial Institutions saw steady balance-sheet advisory and selective debt issuance, though regulatory scrutiny remained relevant."
2025Q4,Technology,Mixed,Elevated,"Technology remained active, but diligence cycles lengthened and valuation gaps widened for high-growth companies."
2025Q4,Healthcare,Positive,Moderate,"Healthcare remained defensive with recurring demand, steady strategic buyer interest, and resilient capital markets access."
2025Q4,Industrials,Mixed,Moderate,"Industrials activity tracked reshoring, automation, aerospace supply chains, and infrastructure spending."
2025Q4,Consumer & Retail,Mixed,Elevated,Consumer & Retail activity was mixed as margin pressure and uneven discretionary demand affected buyer confidence.
2025Q4,Energy,Positive,Moderate,"Energy activity was supported by infrastructure demand, transition assets, and capital discipline among larger issuers."
2025Q4,Financial Institutions,Mixed,Moderate,"Financial Institutions saw steady balance-sheet advisory and selective debt issuance, though regulatory scrutiny remained relevant."
2026Q1,Technology,Negative,High,"Technology outlook turned cautious: buyers pushed back on valuation, lenders tightened underwriting, and several sponsor-backed software processes moved from launch to delayed."
2026Q1,Healthcare,Positive,Moderate,"Healthcare remained defensive with recurring demand, steady strategic buyer interest, and resilient capital markets access."
2026Q1,Industrials,Mixed,Moderate,"Industrials activity tracked reshoring, automation, aerospace supply chains, and infrastructure spending."
2026Q1,Consumer & Retail,Mixed,Elevated,Consumer & Retail activity was mixed as margin pressure and uneven discretionary demand affected buyer confidence.
2026Q1,Energy,Positive,Moderate,"Energy activity was supported by infrastructure demand, transition assets, and capital discipline among larger issuers."
2026Q1,Financial Institutions,Mixed,Moderate,"Financial Institutions saw steady balance-sheet advisory and selective debt issuance, though regulatory scrutiny remained relevant."
